"frase","situacao"
"sinto dor no peito e falta de ar","alto risco"
"tenho um aperto forte no peito que irradia para o braço esquerdo","alto risco"
"senti dor no peito com suor frio e náusea","alto risco"
"desmaiei hoje de manhã e meu coração estava disparado","alto risco"
"estou com falta de ar intensa mesmo parado","alto risco"
"sinto dor no peito há uma hora e não passa","alto risco"
"tive um desmaio e agora sinto palpitações fortes","alto risco"
"minha pressão está muito alta e sinto dor de cabeça forte com visão embaçada","alto risco"
"sinto aperto no tórax e dor na mandíbula","alto risco"
"acordei com falta de ar e dor no peito","alto risco"
"meus lábios estão arroxeados e sinto falta de ar","alto risco"
"sinto o coração disparado e tontura forte, quase desmaiando","alto risco"
"dor forte no peito que piora ao respirar com febre alta","alto risco"
"estou com inchaço nas pernas e falta de ar ao deitar","alto risco"
"tive uma dor súbita no peito depois de subir escadas e não melhora com repouso","alto risco"
"sinto dor no braço esquerdo e suor frio intenso","alto risco"
"minha batida do coração está irregular e sinto fraqueza forte","alto risco"
"senti pressão no peito como se algo pesado estivesse em cima de mim","alto risco"
"estou com dor no peito e tontura há duas horas","alto risco"
"falta de ar súbita e dor ao respirar depois de uma viagem longa","alto risco"
"sinto dor intensa no peito e vômito","alto risco"
"desmaiei duas vezes esta semana e sinto aperto no peito","alto risco"
"estou com palpitações, suor frio e falta de ar","alto risco"
"dor no peito forte irradiando para as costas","alto risco"
"meu coração acelerou de repente e sinto dor no peito","alto risco"
"sinto muita falta de ar ao menor esforço e dor no peito","alto risco"
"tenho aperto no peito e formigamento no braço esquerdo","alto risco"
"estou com a pele pálida, suor frio e dor no peito","alto risco"
"sinto tontura intensa e dor no peito ao caminhar","alto risco"
"dor no peito persistente com falta de ar e cansaço extremo","alto risco"
"perdi a consciência por alguns segundos e senti o coração disparar","alto risco"
"sinto um aperto no tórax e dificuldade para respirar","alto risco"
"tive um leve incômodo nas costas","baixo risco"
"estou com uma leve dor de cabeça depois do almoço","baixo risco"
"sinto um pouco de cansaço depois de dormir mal","baixo risco"
"tive uma tosse leve ontem","baixo risco"
"estou com o nariz entupido e coriza","baixo risco"
"senti uma dor muscular depois de ir à academia","baixo risco"
"tenho um desconforto leve no estômago depois de comer","baixo risco"
"estou com sono e um pouco de cansaço no fim do dia","baixo risco"
"sinto uma pequena dor no joelho ao caminhar","baixo risco"
"vim para a consulta de rotina e não tenho nenhum sintoma","baixo risco"
"tive um leve enjoo pela manhã que passou sozinho","baixo risco"
"estou com dor de garganta leve há um dia","baixo risco"
"sinto formigamento leve no pé depois de ficar sentado muito tempo","baixo risco"
"tive uma dor leve no pescoço por dormir mal","baixo risco"
"estou com um pouco de azia após o jantar","baixo risco"
"quero apenas renovar minha receita de pressão, estou bem","baixo risco"
"sinto uma coceira leve na pele","baixo risco"
"tive uma pequena tontura ao levantar rápido, mas passou logo","baixo risco"
"estou um pouco estressado com o trabalho e dormi pouco","baixo risco"
"tenho dor nas costas leve que melhora com alongamento","baixo risco"
"senti um leve incômodo no ombro depois de carregar peso","baixo risco"
"estou resfriado, com espirros e sem febre","baixo risco"
"tive uma dor de cabeça leve que passou com água","baixo risco"
"sinto as pernas cansadas depois de caminhar o dia todo","baixo risco"
"estou com a barriga um pouco inchada depois do almoço","baixo risco"
"vim fazer exames de rotina e me sinto bem","baixo risco"
"tive câimbra leve na panturrilha durante a noite","baixo risco"
"estou com os olhos cansados depois de olhar a tela","baixo risco"
"senti uma pontada leve nas costelas ao espirrar, mas passou","baixo risco"
"tenho um pouco de cansaço, mas durmo bem e me alimento bem","baixo risco"
"estou com uma gripe leve e febre baixa há um dia","baixo risco"
"sinto leve desconforto no pescoço ao virar a cabeça","baixo risco"
